Fitch_Scheduling_Machine.Course,Fitch_Scheduling_Machine.Course,Fitch_Scheduling_Machine.Course,Fitch_Scheduling_Machine.Course,Fitch_Scheduling_Machine.Course,Fitch_Scheduling_Machine.Course,Fitch_Scheduling_Machine.Course,Fitch_Scheduling_Machine.Course,Fitch_Scheduling_Machine.Course,Fitch_Scheduling_Machine.Course,Fitch_Scheduling_Machine.Course,,,,,,,
Fitch_Scheduling_Machine.Course,Fitch_Scheduling_Machine.Course,Fitch_Scheduling_Machine.Course,Fitch_Scheduling_Machine.Course,Fitch_Scheduling_Machine.Course,Fitch_Scheduling_Machine.Course,Fitch_Scheduling_Machine.Course,Fitch_Scheduling_Machine.Course,Fitch_Scheduling_Machine.Course,Fitch_Scheduling_Machine.Course,Fitch_Scheduling_Machine.Course,Fitch_Scheduling_Machine.Course,,,,,,
Fitch_Scheduling_Machine.Course,Fitch_Scheduling_Machine.Course,Fitch_Scheduling_Machine.Course,Fitch_Scheduling_Machine.Course,Fitch_Scheduling_Machine.Course,Fitch_Scheduling_Machine.Course,Fitch_Scheduling_Machine.Course,Fitch_Scheduling_Machine.Course,Fitch_Scheduling_Machine.Course,Fitch_Scheduling_Machine.Course,Fitch_Scheduling_Machine.Course,Fitch_Scheduling_Machine.Course,Fitch_Scheduling_Machine.Course,,,,,
Fitch_Scheduling_Machine.Course,Fitch_Scheduling_Machine.Course,Fitch_Scheduling_Machine.Course,Fitch_Scheduling_Machine.Course,Fitch_Scheduling_Machine.Course,Fitch_Scheduling_Machine.Course,Fitch_Scheduling_Machine.Course,Fitch_Scheduling_Machine.Course,Fitch_Scheduling_Machine.Course,Fitch_Scheduling_Machine.Course,Fitch_Scheduling_Machine.Course,,,,,,,
Fitch_Scheduling_Machine.Course,Fitch_Scheduling_Machine.Course,Fitch_Scheduling_Machine.Course,Fitch_Scheduling_Machine.Course,Fitch_Scheduling_Machine.Course,Fitch_Scheduling_Machine.Course,Fitch_Scheduling_Machine.Course,Fitch_Scheduling_Machine.Course,Fitch_Scheduling_Machine.Course,Fitch_Scheduling_Machine.Course,Fitch_Scheduling_Machine.Course,,,,,,,
Fitch_Scheduling_Machine.Course,Fitch_Scheduling_Machine.Course,Fitch_Scheduling_Machine.Course,Fitch_Scheduling_Machine.Course,Fitch_Scheduling_Machine.Course,Fitch_Scheduling_Machine.Course,Fitch_Scheduling_Machine.Course,Fitch_Scheduling_Machine.Course,Fitch_Scheduling_Machine.Course,Fitch_Scheduling_Machine.Course,Fitch_Scheduling_Machine.Course,Fitch_Scheduling_Machine.Course,Fitch_Scheduling_Machine.Course,Fitch_Scheduling_Machine.Course,,,,

Fitch_Scheduling_Machine.Course,Fitch_Scheduling_Machine.Course,Fitch_Scheduling_Machine.Course,Fitch_Scheduling_Machine.Course,Fitch_Scheduling_Machine.Course,Fitch_Scheduling_Machine.Course,Fitch_Scheduling_Machine.Course,Fitch_Scheduling_Machine.Course,Fitch_Scheduling_Machine.Course,Fitch_Scheduling_Machine.Course,Fitch_Scheduling_Machine.Course,Fitch_Scheduling_Machine.Course,Fitch_Scheduling_Machine.Course,,,,,
Fitch_Scheduling_Machine.Course,Fitch_Scheduling_Machine.Course,Fitch_Scheduling_Machine.Course,Fitch_Scheduling_Machine.Course,Fitch_Scheduling_Machine.Course,Fitch_Scheduling_Machine.Course,Fitch_Scheduling_Machine.Course,Fitch_Scheduling_Machine.Course,Fitch_Scheduling_Machine.Course,Fitch_Scheduling_Machine.Course,Fitch_Scheduling_Machine.Course,,,,,,,
Fitch_Scheduling_Machine.Course,Fitch_Scheduling_Machine.Course,Fitch_Scheduling_Machine.Course,Fitch_Scheduling_Machine.Course,Fitch_Scheduling_Machine.Course,Fitch_Scheduling_Machine.Course,Fitch_Scheduling_Machine.Course,Fitch_Scheduling_Machine.Course,Fitch_Scheduling_Machine.Course,Fitch_Scheduling_Machine.Course,Fitch_Scheduling_Machine.Course,Fitch_Scheduling_Machine.Course,,,,,,
Fitch_Scheduling_Machine.Course,Fitch_Scheduling_Machine.Course,Fitch_Scheduling_Machine.Course,Fitch_Scheduling_Machine.Course,Fitch_Scheduling_Machine.Course,Fitch_Scheduling_Machine.Course,Fitch_Scheduling_Machine.Course,Fitch_Scheduling_Machine.Course,Fitch_Scheduling_Machine.Course,Fitch_Scheduling_Machine.Course,Fitch_Scheduling_Machine.Course,,,,,,,
Fitch_Scheduling_Machine.Course,Fitch_Scheduling_Machine.Course,Fitch_Scheduling_Machine.Course,Fitch_Scheduling_Machine.Course,Fitch_Scheduling_Machine.Course,Fitch_Scheduling_Machine.Course,Fitch_Scheduling_Machine.Course,Fitch_Scheduling_Machine.Course,Fitch_Scheduling_Machine.Course,Fitch_Scheduling_Machine.Course,Fitch_Scheduling_Machine.Course,,,,,,,
Fitch_Scheduling_Machine.Course,Fitch_Scheduling_Machine.Course,Fitch_Scheduling_Machine.Course,Fitch_Scheduling_Machine.Course,Fitch_Scheduling_Machine.Course,Fitch_Scheduling_Machine.Course,Fitch_Scheduling_Machine.Course,Fitch_Scheduling_Machine.Course,Fitch_Scheduling_Machine.Course,Fitch_Scheduling_Machine.Course,Fitch_Scheduling_Machine.Course,Fitch_Scheduling_Machine.Course,Fitch_Scheduling_Machine.Course,Fitch_Scheduling_Machine.Course,,,,

Fitch_Scheduling_Machine.Course,Fitch_Scheduling_Machine.Course,Fitch_Scheduling_Machine.Course,Fitch_Scheduling_Machine.Course,Fitch_Scheduling_Machine.Course,Fitch_Scheduling_Machine.Course,Fitch_Scheduling_Machine.Course,Fitch_Scheduling_Machine.Course,Fitch_Scheduling_Machine.Course,Fitch_Scheduling_Machine.Course,Fitch_Scheduling_Machine.Course,Fitch_Scheduling_Machine.Course,,,,,,
Fitch_Scheduling_Machine.Course,Fitch_Scheduling_Machine.Course,Fitch_Scheduling_Machine.Course,Fitch_Scheduling_Machine.Course,Fitch_Scheduling_Machine.Course,Fitch_Scheduling_Machine.Course,Fitch_Scheduling_Machine.Course,Fitch_Scheduling_Machine.Course,Fitch_Scheduling_Machine.Course,Fitch_Scheduling_Machine.Course,Fitch_Scheduling_Machine.Course,Fitch_Scheduling_Machine.Course,Fitch_Scheduling_Machine.Course,,,,,
Fitch_Scheduling_Machine.Course,Fitch_Scheduling_Machine.Course,Fitch_Scheduling_Machine.Course,Fitch_Scheduling_Machine.Course,Fitch_Scheduling_Machine.Course,Fitch_Scheduling_Machine.Course,Fitch_Scheduling_Machine.Course,Fitch_Scheduling_Machine.Course,Fitch_Scheduling_Machine.Course,Fitch_Scheduling_Machine.Course,Fitch_Scheduling_Machine.Course,,,,,,,
Fitch_Scheduling_Machine.Course,Fitch_Scheduling_Machine.Course,Fitch_Scheduling_Machine.Course,Fitch_Scheduling_Machine.Course,Fitch_Scheduling_Machine.Course,Fitch_Scheduling_Machine.Course,Fitch_Scheduling_Machine.Course,Fitch_Scheduling_Machine.Course,Fitch_Scheduling_Machine.Course,Fitch_Scheduling_Machine.Course,Fitch_Scheduling_Machine.Course,,,,,,,
Fitch_Scheduling_Machine.Course,Fitch_Scheduling_Machine.Course,Fitch_Scheduling_Machine.Course,Fitch_Scheduling_Machine.Course,Fitch_Scheduling_Machine.Course,Fitch_Scheduling_Machine.Course,Fitch_Scheduling_Machine.Course,Fitch_Scheduling_Machine.Course,Fitch_Scheduling_Machine.Course,Fitch_Scheduling_Machine.Course,Fitch_Scheduling_Machine.Course,Fitch_Scheduling_Machine.Course,,,,,,
Fitch_Scheduling_Machine.Course,Fitch_Scheduling_Machine.Course,Fitch_Scheduling_Machine.Course,Fitch_Scheduling_Machine.Course,Fitch_Scheduling_Machine.Course,Fitch_Scheduling_Machine.Course,Fitch_Scheduling_Machine.Course,Fitch_Scheduling_Machine.Course,Fitch_Scheduling_Machine.Course,Fitch_Scheduling_Machine.Course,Fitch_Scheduling_Machine.Course,,,,,,,

Fitch_Scheduling_Machine.Course,Fitch_Scheduling_Machine.Course,Fitch_Scheduling_Machine.Course,Fitch_Scheduling_Machine.Course,Fitch_Scheduling_Machine.Course,Fitch_Scheduling_Machine.Course,Fitch_Scheduling_Machine.Course,Fitch_Scheduling_Machine.Course,Fitch_Scheduling_Machine.Course,Fitch_Scheduling_Machine.Course,Fitch_Scheduling_Machine.Course,Fitch_Scheduling_Machine.Course,Fitch_Scheduling_Machine.Course,,,,,
Fitch_Scheduling_Machine.Course,Fitch_Scheduling_Machine.Course,Fitch_Scheduling_Machine.Course,Fitch_Scheduling_Machine.Course,Fitch_Scheduling_Machine.Course,Fitch_Scheduling_Machine.Course,Fitch_Scheduling_Machine.Course,Fitch_Scheduling_Machine.Course,Fitch_Scheduling_Machine.Course,Fitch_Scheduling_Machine.Course,Fitch_Scheduling_Machine.Course,Fitch_Scheduling_Machine.Course,,,,,,
Fitch_Scheduling_Machine.Course,Fitch_Scheduling_Machine.Course,Fitch_Scheduling_Machine.Course,Fitch_Scheduling_Machine.Course,Fitch_Scheduling_Machine.Course,Fitch_Scheduling_Machine.Course,Fitch_Scheduling_Machine.Course,Fitch_Scheduling_Machine.Course,Fitch_Scheduling_Machine.Course,Fitch_Scheduling_Machine.Course,Fitch_Scheduling_Machine.Course,,,,,,,
Fitch_Scheduling_Machine.Course,Fitch_Scheduling_Machine.Course,Fitch_Scheduling_Machine.Course,Fitch_Scheduling_Machine.Course,Fitch_Scheduling_Machine.Course,Fitch_Scheduling_Machine.Course,Fitch_Scheduling_Machine.Course,Fitch_Scheduling_Machine.Course,Fitch_Scheduling_Machine.Course,Fitch_Scheduling_Machine.Course,Fitch_Scheduling_Machine.Course,,,,,,,
Fitch_Scheduling_Machine.Course,Fitch_Scheduling_Machine.Course,Fitch_Scheduling_Machine.Course,Fitch_Scheduling_Machine.Course,Fitch_Scheduling_Machine.Course,Fitch_Scheduling_Machine.Course,Fitch_Scheduling_Machine.Course,Fitch_Scheduling_Machine.Course,Fitch_Scheduling_Machine.Course,Fitch_Scheduling_Machine.Course,Fitch_Scheduling_Machine.Course,Fitch_Scheduling_Machine.Course,Fitch_Scheduling_Machine.Course,,,,,
Fitch_Scheduling_Machine.Course,Fitch_Scheduling_Machine.Course,Fitch_Scheduling_Machine.Course,Fitch_Scheduling_Machine.Course,Fitch_Scheduling_Machine.Course,Fitch_Scheduling_Machine.Course,Fitch_Scheduling_Machine.Course,Fitch_Scheduling_Machine.Course,Fitch_Scheduling_Machine.Course,Fitch_Scheduling_Machine.Course,Fitch_Scheduling_Machine.Course,,,,,,,

Fitch_Scheduling_Machine.Course,Fitch_Scheduling_Machine.Course,Fitch_Scheduling_Machine.Course,Fitch_Scheduling_Machine.Course,Fitch_Scheduling_Machine.Course,Fitch_Scheduling_Machine.Course,Fitch_Scheduling_Machine.Course,Fitch_Scheduling_Machine.Course,Fitch_Scheduling_Machine.Course,Fitch_Scheduling_Machine.Course,Fitch_Scheduling_Machine.Course,,,,,,,
Fitch_Scheduling_Machine.Course,Fitch_Scheduling_Machine.Course,Fitch_Scheduling_Machine.Course,Fitch_Scheduling_Machine.Course,Fitch_Scheduling_Machine.Course,Fitch_Scheduling_Machine.Course,Fitch_Scheduling_Machine.Course,Fitch_Scheduling_Machine.Course,Fitch_Scheduling_Machine.Course,Fitch_Scheduling_Machine.Course,Fitch_Scheduling_Machine.Course,Fitch_Scheduling_Machine.Course,Fitch_Scheduling_Machine.Course,,,,,
Fitch_Scheduling_Machine.Course,Fitch_Scheduling_Machine.Course,Fitch_Scheduling_Machine.Course,Fitch_Scheduling_Machine.Course,Fitch_Scheduling_Machine.Course,Fitch_Scheduling_Machine.Course,Fitch_Scheduling_Machine.Course,Fitch_Scheduling_Machine.Course,Fitch_Scheduling_Machine.Course,Fitch_Scheduling_Machine.Course,Fitch_Scheduling_Machine.Course,,,,,,,
Fitch_Scheduling_Machine.Course,Fitch_Scheduling_Machine.Course,Fitch_Scheduling_Machine.Course,Fitch_Scheduling_Machine.Course,Fitch_Scheduling_Machine.Course,Fitch_Scheduling_Machine.Course,Fitch_Scheduling_Machine.Course,Fitch_Scheduling_Machine.Course,Fitch_Scheduling_Machine.Course,Fitch_Scheduling_Machine.Course,Fitch_Scheduling_Machine.Course,Fitch_Scheduling_Machine.Course,,,,,,
Fitch_Scheduling_Machine.Course,Fitch_Scheduling_Machine.Course,Fitch_Scheduling_Machine.Course,Fitch_Scheduling_Machine.Course,Fitch_Scheduling_Machine.Course,Fitch_Scheduling_Machine.Course,Fitch_Scheduling_Machine.Course,Fitch_Scheduling_Machine.Course,Fitch_Scheduling_Machine.Course,Fitch_Scheduling_Machine.Course,Fitch_Scheduling_Machine.Course,Fitch_Scheduling_Machine.Course,Fitch_Scheduling_Machine.Course,Fitch_Scheduling_Machine.Course,,,,
Fitch_Scheduling_Machine.Course,Fitch_Scheduling_Machine.Course,Fitch_Scheduling_Machine.Course,Fitch_Scheduling_Machine.Course,Fitch_Scheduling_Machine.Course,Fitch_Scheduling_Machine.Course,Fitch_Scheduling_Machine.Course,Fitch_Scheduling_Machine.Course,Fitch_Scheduling_Machine.Course,Fitch_Scheduling_Machine.Course,Fitch_Scheduling_Machine.Course,Fitch_Scheduling_Machine.Course,Fitch_Scheduling_Machine.Course,Fitch_Scheduling_Machine.Course,,,,

